Name,Address,Phone Number,Email
Rachel Doe,"627 Birch St, Central City, NV",(555) 799-3940,rachel.doe@example.com
Oscar James,"110 Oak St, Gotham, CA",(555) 914-6249,oscar.james@example.com
Rachel Howard,"620 Birch St, Fawcett City, AZ",(555) 122-4752,rachel.howard@example.com
Quincy Doe,"581 Aspen St, Gateway City, NY",(555) 275-3363,quincy.doe@example.com
Alice Foster,"272 Willow St, Metropolis, NJ",(555) 866-4583,alice.foster@example.com
Henry Evans,"384 Aspen St, Star City, IL",(555) 600-4005,henry.evans@example.com
Alice Doe,"144 Willow St, Gotham, OR",(555) 105-7480,alice.doe@example.com
Ivy Doe,"545 Oak St, Gateway City, CA",(555) 364-3054,ivy.doe@example.com
Paula Harris,"661 Spruce St, Smallville, KS",(555) 751-5072,paula.harris@example.com
Kathy Irwin,"365 Elm St, Gateway City, TX",(555) 857-1322,kathy.irwin@example.com
Nina Johnson,"783 Redwood St, Fawcett City, IL",(555) 308-5186,nina.johnson@example.com
Sam Foster,"225 Willow St, Central City, NY",(555) 204-8603,sam.foster@example.com
Grace King,"328 Birch St, Metropolis, NV",(555) 892-9984,grace.king@example.com
Eve Brown,"662 Birch St, Gotham, TX",(555) 905-8673,eve.brown@example.com
Quincy Evans,"564 Cedar St, Central City, TX",(555) 441-4134,quincy.evans@example.com
Nina Turner,"574 Cedar St, Gateway City, NJ",(555) 645-7621,nina.turner@example.com
Paula Brown,"780 Maple St, Coast City, AZ",(555) 679-5969,paula.brown@example.com
Alice Brown,"100 Willow St, Central City, CA",(555) 699-5368,alice.brown@example.com
Liam King,"455 Willow St, Fawcett City, TX",(555) 107-9310,liam.king@example.com
Jane Foster,"993 Cedar St, Fawcett City, AZ",(555) 618-3127,jane.foster@example.com
Frank Garcia,"183 Oak St, Star City, OR",(555) 119-5961,frank.garcia@example.com
Paula Garcia,"300 Birch St, Star City, NJ",(555) 685-3733,paula.garcia@example.com
John Lee,"215 Cedar St, Central City, AZ",(555) 309-7326,john.lee@example.com
Oscar Evans,"147 Cedar St, Central City, TX",(555) 428-5709,oscar.evans@example.com
Quincy Evans,"739 Pine St, Coast City, TX",(555) 366-4561,quincy.evans@example.com
Jack James,"195 Spruce St, Gotham, OR",(555) 798-5009,jack.james@example.com
Rachel James,"362 Birch St, Gotham, OR",(555) 977-5215,rachel.james@example.com
Alice Smith,"904 Oak St, Keystone City, NY",(555) 564-2575,alice.smith@example.com
Jane Clark,"479 Cedar St, Fawcett City, FL",(555) 644-6902,jane.clark@example.com
Nina Clark,"587 Redwood St, Keystone City, IL",(555) 669-8038,nina.clark@example.com
Mona Wilson,"628 Willow St, Coast City, CA",(555) 582-3856,mona.wilson@example.com
Frank Foster,"890 Cedar St, Keystone City, IL",(555) 721-2768,frank.foster@example.com
Sam Johnson,"327 Cedar St, Star City, NY",(555) 281-5672,sam.johnson@example.com
Frank Irwin,"109 Pine St, Central City, CA",(555) 151-1443,frank.irwin@example.com
Nina Irwin,"584 Spruce St, Coast City, TX",(555) 879-5129,nina.irwin@example.com
Rachel Garcia,"367 Pine St, Metropolis, TX",(555) 168-3056,rachel.garcia@example.com
Jane Miller,"301 Spruce St, Coast City, OR",(555) 288-2559,jane.miller@example.com
Ivy King,"659 Birch St, Coast City, AZ",(555) 112-7310,ivy.king@example.com
Kathy James,"789 Redwood St, Smallville, IL",(555) 953-5306,kathy.james@example.com
John James,"362 Maple St, Central City, OR",(555) 657-1771,john.james@example.com
Sam Smith,"808 Spruce St, Smallville, NJ",(555) 402-4269,sam.smith@example.com
Oscar Davis,"484 Birch St, Coast City, AZ",(555) 235-1473,oscar.davis@example.com
Alice Wilson,"690 Birch St, Fawcett City, KS",(555) 622-3398,alice.wilson@example.com
Rachel James,"348 Birch St, Smallville, NY",(555) 973-2320,rachel.james@example.com
Henry Miller,"498 Redwood St, Metropolis, AZ",(555) 388-4954,henry.miller@example.com
John Johnson,"474 Elm St, Smallville, NV",(555) 891-7772,john.johnson@example.com
Jack Irwin,"225 Oak St, Central City, TX",(555) 256-4398,jack.irwin@example.com
Jack Foster,"527 Elm St, Star City, TX",(555) 732-8194,jack.foster@example.com
Eve Brown,"510 Maple St, Gotham, KS",(555) 364-6265,eve.brown@example.com
Mona Howard,"968 Oak St, Smallville, NJ",(555) 922-6173,mona.howard@example.com
Bob Dixon,"783 Elm St, Coast City, NJ",(555) 423-1913,bob.dixon@example.com
Liam Wilson,"716 Maple St, Fawcett City, NV",(555) 726-6611,liam.wilson@example.com
Nina Brown,"330 Elm St, Gateway City, TX",(555) 649-5117,nina.brown@example.com
Bob Clark,"578 Elm St, Fawcett City, KS",(555) 938-3323,bob.clark@example.com
Ivy Wilson,"729 Birch St, Keystone City, FL",(555) 463-4458,ivy.wilson@example.com
Oscar Wilson,"939 Aspen St, Keystone City, NY",(555) 703-4953,oscar.wilson@example.com
Sam Doe,"351 Maple St, Metropolis, AZ",(555) 151-9687,sam.doe@example.com
Eve Davis,"112 Aspen St, Central City, OR",(555) 943-6506,eve.davis@example.com
Nina Foster,"270 Oak St, Gotham, IL",(555) 880-7371,nina.foster@example.com
John King,"314 Cedar St, Central City, IL",(555) 531-8696,john.king@example.com
Paula Davis,"385 Maple St, Gotham, FL",(555) 122-2188,paula.davis@example.com
Mona Dixon,"687 Maple St, Keystone City, OR",(555) 314-1688,mona.dixon@example.com
Jane Doe,"114 Redwood St, Smallville, CA",(555) 566-2867,jane.doe@example.com
Charlie Irwin,"967 Spruce St, Springfield, AZ",(555) 795-3700,charlie.irwin@example.com
Alice Clark,"776 Oak St, Star City, TX",(555) 328-5065,alice.clark@example.com
Eve Wilson,"993 Spruce St, Coast City, OR",(555) 991-7935,eve.wilson@example.com
Nina Brown,"877 Cedar St, Gateway City, IL",(555) 855-9710,nina.brown@example.com
Sam Howard,"234 Pine St, Gateway City, NV",(555) 154-1152,sam.howard@example.com
John Turner,"182 Birch St, Central City, OR",(555) 571-4211,john.turner@example.com
John Wilson,"837 Elm St, Springfield, FL",(555) 936-1014,john.wilson@example.com
John Baker,"769 Birch St, Gateway City, AZ",(555) 846-4447,john.baker@example.com
Sam Irwin,"534 Spruce St, Fawcett City, TX",(555) 695-6341,sam.irwin@example.com
Mona Dixon,"291 Aspen St, Central City, TX",(555) 678-3113,mona.dixon@example.com
Frank Dixon,"294 Maple St, Fawcett City, FL",(555) 876-4647,frank.dixon@example.com
Grace Irwin,"103 Spruce St, Central City, NJ",(555) 317-5667,grace.irwin@example.com
Nina Johnson,"327 Elm St, Smallville, NV",(555) 907-5985,nina.johnson@example.com
John Harris,"201 Oak St, Metropolis, AZ",(555) 930-6455,john.harris@example.com
Nina Smith,"390 Willow St, Fawcett City, KS",(555) 145-6492,nina.smith@example.com
Bob Garcia,"717 Cedar St, Gotham, CA",(555) 844-2407,bob.garcia@example.com
Jack Turner,"782 Maple St, Keystone City, KS",(555) 806-9200,jack.turner@example.com
Frank Wilson,"350 Oak St, Gateway City, TX",(555) 561-7686,frank.wilson@example.com
Mona Foster,"188 Spruce St, Smallville, KS",(555) 840-4154,mona.foster@example.com
Jane Howard,"466 Elm St, Smallville, NY",(555) 413-2439,jane.howard@example.com
Eve Johnson,"747 Pine St, Fawcett City, TX",(555) 819-5273,eve.johnson@example.com
Henry Dixon,"115 Pine St, Keystone City, AZ",(555) 845-4466,henry.dixon@example.com
Quincy Turner,"840 Spruce St, Coast City, KS",(555) 173-9048,quincy.turner@example.com
Paula Lee,"535 Willow St, Star City, FL",(555) 259-5687,paula.lee@example.com
Charlie Brown,"650 Birch St, Gotham, TX",(555) 971-1166,charlie.brown@example.com
Bob Baker,"441 Redwood St, Gateway City, CA",(555) 854-1303,bob.baker@example.com
Grace Irwin,"327 Elm St, Coast City, IL",(555) 633-4979,grace.irwin@example.com
Grace Howard,"129 Willow St, Coast City, CA",(555) 123-4881,grace.howard@example.com
Sam Lee,"111 Pine St, Springfield, KS",(555) 704-6851,sam.lee@example.com
Oscar James,"259 Birch St, Springfield, NY",(555) 283-2083,oscar.james@example.com
Charlie King,"138 Elm St, Keystone City, IL",(555) 179-5896,charlie.king@example.com
Oscar Johnson,"425 Oak St, Gotham, NJ",(555) 424-3915,oscar.johnson@example.com
Bob Smith,"366 Oak St, Springfield, OR",(555) 442-6646,bob.smith@example.com
Mona Evans,"344 Oak St, Smallville, TX",(555) 973-3570,mona.evans@example.com
Liam King,"693 Birch St, Gotham, OR",(555) 956-6280,liam.king@example.com
Grace Harris,"438 Pine St, Smallville, FL",(555) 487-4332,grace.harris@example.com
Nina Miller,"795 Pine St, Fawcett City, NV",(555) 219-9751,nina.miller@example.com
